{
  "metadata": {
    "name": "Haiwaishuwu",
    "author": "AleshaOnOn",
    "version": 4,
    "source": "https://www.haiwaishuwu.com/",
    "regexp": "(www.)?haiwaishuwu.com//(b|book)/\\d+(/?|\\.html)",
    "description": "Đọc truyện trên trang https://www.haiwaishuwu.com/",
    "local": "zh_CN",
    "language": "javascript",
    "type": "chinese_novel"
  }2
  "script": {
    "home": "home.js",
    "gen": "gen.js",
    "genre": "genre.js",
    "detail": "detail.js",
    "page": "page.js",
    "search": "search.js",
    "toc": "toc.js",
    "chap": "chap.js"
  }
}